U_10,fmc,H_el,wrf,ROS
0.0,0.0,0.0,0.35,0.0
0.0,0.0,0.0,0.667,0.0
0.0,0.0,0.5,0.35,0.0
0.0,0.0,0.5,0.667,0.0
0.0,0.0,1.0,0.35,0.0
0.0,0.0,1.0,0.667,0.0
0.0,0.0,1.5,0.35,0.0
0.0,0.0,1.5,0.667,0.0
0.0,0.0,2.0,0.35,0.0
0.0,0.0,2.0,0.667,0.0
0.0,0.0,2.5,0.35,0.0
0.0,0.0,2.5,0.667,0.0
0.0,0.0,3.0,0.35,0.0
0.0,0.0,3.0,0.667,0.0
0.0,0.0,3.5,0.35,0.0
0.0,0.0,3.5,0.667,0.0
0.0,0.0,4.0,0.35,0.0
0.0,0.0,4.0,0.667,0.0
0.0,10.0,0.0,0.35,0.0
0.0,10.0,0.0,0.667,0.0
0.0,10.0,0.5,0.35,0.0
0.0,10.0,0.5,0.667,0.0
0.0,10.0,1.0,0.35,0.0
0.0,10.0,1.0,0.667,0.0
0.0,10.0,1.5,0.35,0.0
0.0,10.0,1.5,0.667,0.0
0.0,10.0,2.0,0.35,0.0
0.0,10.0,2.0,0.667,0.0
0.0,10.0,2.5,0.35,0.0
0.0,10.0,2.5,0.667,0.0
0.0,10.0,3.0,0.35,0.0
0.0,10.0,3.0,0.667,0.0
0.0,10.0,3.5,0.35,0.0
0.0,10.0,3.5,0.667,0.0
0.0,10.0,4.0,0.35,0.0
0.0,10.0,4.0,0.667,0.0
0.0,20.0,0.0,0.35,0.0
0.0,20.0,0.0,0.667,0.0
0.0,20.0,0.5,0.35,0.0
0.0,20.0,0.5,0.667,0.0
0.0,20.0,1.0,0.35,0.0
0.0,20.0,1.0,0.667,0.0
0.0,20.0,1.5,0.35,0.0
0.0,20.0,1.5,0.667,0.0
0.0,20.0,2.0,0.35,0.0
0.0,20.0,2.0,0.667,0.0
0.0,20.0,2.5,0.35,0.0
0.0,20.0,2.5,0.667,0.0
0.0,20.0,3.0,0.35,0.0
0.0,20.0,3.0,0.667,0.0
0.0,20.0,3.5,0.35,0.0
0.0,20.0,3.5,0.667,0.0
0.0,20.0,4.0,0.35,0.0
0.0,20.0,4.0,0.667,0.0
0.0,30.0,0.0,0.35,0.0
0.0,30.0,0.0,0.667,0.0
0.0,30.0,0.5,0.35,0.0
0.0,30.0,0.5,0.667,0.0
0.0,30.0,1.0,0.35,0.0
0.0,30.0,1.0,0.667,0.0
0.0,30.0,1.5,0.35,0.0
0.0,30.0,1.5,0.667,0.0
0.0,30.0,2.0,0.35,0.0
0.0,30.0,2.0,0.667,0.0
0.0,30.0,2.5,0.35,0.0
0.0,30.0,2.5,0.667,0.0
0.0,30.0,3.0,0.35,0.0
0.0,30.0,3.0,0.667,0.0
0.0,30.0,3.5,0.35,0.0
0.0,30.0,3.5,0.667,0.0
0.0,30.0,4.0,0.35,0.0
0.0,30.0,4.0,0.667,0.0
0.0,40.0,0.0,0.35,0.0
0.0,40.0,0.0,0.667,0.0
0.0,40.0,0.5,0.35,0.0
0.0,40.0,0.5,0.667,0.0
0.0,40.0,1.0,0.35,0.0
0.0,40.0,1.0,0.667,0.0
0.0,40.0,1.5,0.35,0.0
0.0,40.0,1.5,0.667,0.0
0.0,40.0,2.0,0.35,0.0
0.0,40.0,2.0,0.667,0.0
0.0,40.0,2.5,0.35,0.0
0.0,40.0,2.5,0.667,0.0
0.0,40.0,3.0,0.35,0.0
0.0,40.0,3.0,0.667,0.0
0.0,40.0,3.5,0.35,0.0
0.0,40.0,3.5,0.667,0.0
0.0,40.0,4.0,0.35,0.0
0.0,40.0,4.0,0.667,0.0
0.0,50.0,0.0,0.35,0.0
0.0,50.0,0.0,0.667,0.0
0.0,50.0,0.5,0.35,0.0
0.0,50.0,0.5,0.667,0.0
0.0,50.0,1.0,0.35,0.0
0.0,50.0,1.0,0.667,0.0
0.0,50.0,1.5,0.35,0.0
0.0,50.0,1.5,0.667,0.0
0.0,50.0,2.0,0.35,0.0
0.0,50.0,2.0,0.667,0.0
0.0,50.0,2.5,0.35,0.0
0.0,50.0,2.5,0.667,0.0
0.0,50.0,3.0,0.35,0.0
0.0,50.0,3.0,0.667,0.0
0.0,50.0,3.5,0.35,0.0
0.0,50.0,3.5,0.667,0.0
0.0,50.0,4.0,0.35,0.0
0.0,50.0,4.0,0.667,0.0
0.0,60.0,0.0,0.35,0.0
0.0,60.0,0.0,0.667,0.0
0.0,60.0,0.5,0.35,0.0
0.0,60.0,0.5,0.667,0.0
0.0,60.0,1.0,0.35,0.0
0.0,60.0,1.0,0.667,0.0
0.0,60.0,1.5,0.35,0.0
0.0,60.0,1.5,0.667,0.0
0.0,60.0,2.0,0.35,0.0
0.0,60.0,2.0,0.667,0.0
0.0,60.0,2.5,0.35,0.0
0.0,60.0,2.5,0.667,0.0
0.0,60.0,3.0,0.35,0.0
0.0,60.0,3.0,0.667,0.0
0.0,60.0,3.5,0.35,0.0
0.0,60.0,3.5,0.667,0.0
0.0,60.0,4.0,0.35,0.0
0.0,60.0,4.0,0.667,0.0
0.0,70.0,0.0,0.35,0.0
0.0,70.0,0.0,0.667,0.0
0.0,70.0,0.5,0.35,0.0
0.0,70.0,0.5,0.667,0.0
0.0,70.0,1.0,0.35,0.0
0.0,70.0,1.0,0.667,0.0
0.0,70.0,1.5,0.35,0.0
0.0,70.0,1.5,0.667,0.0
0.0,70.0,2.0,0.35,0.0
0.0,70.0,2.0,0.667,0.0
0.0,70.0,2.5,0.35,0.0
0.0,70.0,2.5,0.667,0.0
0.0,70.0,3.0,0.35,0.0
0.0,70.0,3.0,0.667,0.0
0.0,70.0,3.5,0.35,0.0
0.0,70.0,3.5,0.667,0.0
0.0,70.0,4.0,0.35,0.0
0.0,70.0,4.0,0.667,0.0
0.0,80.0,0.0,0.35,0.0
0.0,80.0,0.0,0.667,0.0
0.0,80.0,0.5,0.35,0.0
0.0,80.0,0.5,0.667,0.0
0.0,80.0,1.0,0.35,0.0
0.0,80.0,1.0,0.667,0.0
0.0,80.0,1.5,0.35,0.0
0.0,80.0,1.5,0.667,0.0
0.0,80.0,2.0,0.35,0.0
0.0,80.0,2.0,0.667,0.0
0.0,80.0,2.5,0.35,0.0
0.0,80.0,2.5,0.667,0.0
0.0,80.0,3.0,0.35,0.0
0.0,80.0,3.0,0.667,0.0
0.0,80.0,3.5,0.35,0.0
0.0,80.0,3.5,0.667,0.0
0.0,80.0,4.0,0.35,0.0
0.0,80.0,4.0,0.667,0.0
0.0,90.0,0.0,0.35,0.0
0.0,90.0,0.0,0.667,0.0
0.0,90.0,0.5,0.35,0.0
0.0,90.0,0.5,0.667,0.0
0.0,90.0,1.0,0.35,0.0
0.0,90.0,1.0,0.667,0.0
0.0,90.0,1.5,0.35,0.0
0.0,90.0,1.5,0.667,0.0
0.0,90.0,2.0,0.35,0.0
0.0,90.0,2.0,0.667,0.0
0.0,90.0,2.5,0.35,0.0
0.0,90.0,2.5,0.667,0.0
0.0,90.0,3.0,0.35,0.0
0.0,90.0,3.0,0.667,0.0
0.0,90.0,3.5,0.35,0.0
0.0,90.0,3.5,0.667,0.0
0.0,90.0,4.0,0.35,0.0
0.0,90.0,4.0,0.667,0.0
10.0,0.0,0.0,0.35,0.0
10.0,0.0,0.0,0.667,0.0
10.0,0.0,0.5,0.35,0.9053968723794005
10.0,0.0,0.5,0.667,5.773418041989043
10.0,0.0,1.0,0.35,1.059675269428193
10.0,0.0,1.0,0.667,6.757200633008861
10.0,0.0,1.5,0.35,1.161837834119003
10.0,0.0,1.5,0.667,7.408657703599042
10.0,0.0,2.0,0.35,1.2402424957429772
10.0,0.0,2.0,0.667,7.908618441044811
10.0,0.0,2.5,0.35,1.3046835327535142
10.0,0.0,2.5,0.667,8.31953773740087
10.0,0.0,3.0,0.35,1.359813422666661
10.0,0.0,3.0,0.667,8.671082911442571
10.0,0.0,3.5,0.35,1.4082386025846751
10.0,0.0,3.5,0.667,8.979874355232841
10.0,0.0,4.0,0.35,1.4515781321166352
10.0,0.0,4.0,0.667,9.256236279339735
10.0,10.0,0.0,0.35,0.0
10.0,10.0,0.0,0.667,0.0
10.0,10.0,0.5,0.35,0.398723734357156
10.0,10.0,0.5,0.667,2.5425301013655512
10.0,10.0,1.0,0.35,0.4666657170152906
10.0,10.0,1.0,0.667,2.9757737765464927
10.0,10.0,1.5,0.35,0.5116566381767177
10.0,10.0,1.5,0.667,3.2626660818804596
10.0,10.0,2.0,0.35,0.5461849212174615
10.0,10.0,2.0,0.667,3.4828415854057253
10.0,10.0,2.5,0.35,0.5745638252169467
10.0,10.0,2.5,0.667,3.6638045215067954
10.0,10.0,3.0,0.35,0.5988422342234863
10.0,10.0,3.0,0.667,3.818619949818113
10.0,10.0,3.5,0.35,0.6201679855739246
10.0,10.0,3.5,0.667,3.9546072514773565
10.0,10.0,4.0,0.35,0.6392540897868229
10.0,10.0,4.0,0.667,4.076313060030067
10.0,20.0,0.0,0.35,0.0
10.0,20.0,0.0,0.667,0.0
10.0,20.0,0.5,0.35,0.010563620973958318
10.0,20.0,0.5,0.667,0.0673607362476376
10.0,20.0,1.0,0.35,0.012363647636973299
10.0,20.0,1.0,0.667,0.07883891419296321
10.0,20.0,1.5,0.35,0.013555618411386331
10.0,20.0,1.5,0.667,0.0864397197451566
10.0,20.0,2.0,0.35,0.014470396397984074
10.0,20.0,2.0,0.667,0.0922729580667759
10.0,20.0,2.5,0.35,0.015222255290934697
10.0,20.0,2.5,0.667,0.09706731491736162
10.0,20.0,3.0,0.35,0.015865477373034502
10.0,20.0,3.0,0.667,0.10116893055917553
10.0,20.0,3.5,0.35,0.01643047296983316
10.0,20.0,3.5,0.667,0.10477172163534666
10.0,20.0,4.0,0.35,0.016936132285799356
10.0,20.0,4.0,0.667,0.10799614476619632
10.0,30.0,0.0,0.35,0.0
10.0,30.0,0.0,0.667,0.0
10.0,30.0,0.5,0.35,4.618458784959392e-05
10.0,30.0,0.5,0.667,0.0002945039251703296
10.0,30.0,1.0,0.35,5.4054378876228576e-05
10.0,30.0,1.0,0.667,0.00034468699392828806
10.0,30.0,1.5,0.35,5.9265724406396626e-05
10.0,30.0,1.5,0.667,0.00037791803020063717
10.0,30.0,2.0,0.35,6.326517160249069e-05
10.0,30.0,2.0,0.667,0.00040342118942762853
10.0,30.0,2.5,0.35,6.655232978220764e-05
10.0,30.0,2.5,0.667,0.00042438231589118127
10.0,30.0,3.0,0.35,6.936452333125407e-05
10.0,30.0,3.0,0.667,0.0004423147491355786
10.0,30.0,3.5,0.35,7.183470745081961e-05
10.0,30.0,3.5,0.667,0.0004580663007457088
10.0,30.0,4.0,0.35,7.40454708962119e-05
10.0,30.0,4.0,0.667,0.0004721636120481597
10.0,40.0,0.0,0.35,0.0
10.0,40.0,0.0,0.667,0.0
10.0,40.0,0.5,0.35,8.46520194904531e-07
10.0,40.0,0.5,0.667,5.397980836101125e-06
10.0,40.0,1.0,0.35,9.907660860970682e-07
10.0,40.0,1.0,0.667,6.317789437278628e-06
10.0,40.0,1.5,0.35,1.0862851637659947e-06
10.0,40.0,1.5,0.667,6.926883176379643e-06
10.0,40.0,2.0,0.35,1.1595912811871052e-06
10.0,40.0,2.0,0.667,7.394332174513419e-06
10.0,40.0,2.5,0.35,1.2198418087448708e-06
10.0,40.0,2.5,0.667,7.77852997047797e-06
10.0,40.0,3.0,0.35,1.2713866799257228e-06
10.0,40.0,3.0,0.667,8.107214659287924e-06
10.0,40.0,3.5,0.35,1.316662838915265e-06
10.0,40.0,3.5,0.667,8.395925832428196e-06
10.0,40.0,4.0,0.35,1.357184060167167e-06
10.0,40.0,4.0,0.667,8.654316331662357e-06
10.0,50.0,0.0,0.35,0.0
10.0,50.0,0.0,0.667,0.0
10.0,50.0,0.5,0.35,1.5504766331066917e-08
10.0,50.0,0.5,0.667,9.88687948936222e-08
10.0,50.0,1.0,0.35,1.8146757450261683e-08
10.0,50.0,1.0,0.667,1.157159032277253e-07
10.0,50.0,1.5,0.35,1.989627386857083e-08
10.0,50.0,1.5,0.667,1.2687199395695138e-07
10.0,50.0,2.0,0.35,2.123894026695517e-08
10.0,50.0,2.0,0.667,1.354337359347348e-07
10.0,50.0,2.5,0.35,2.2342481986018372e-08
10.0,50.0,2.5,0.667,1.4247065848802733e-07
10.0,50.0,3.0,0.35,2.3286571906181686e-08
10.0,50.0,3.0,0.667,1.484908093683882e-07
10.0,50.0,3.5,0.35,2.4115844816298448e-08
10.0,50.0,3.5,0.667,1.5377880994256583e-07
10.0,50.0,4.0,0.35,2.4858026834804288e-08
10.0,50.0,4.0,0.667,1.58511460547842e-07
10.0,60.0,0.0,0.35,0.0
10.0,60.0,0.0,0.667,0.0
10.0,60.0,0.5,0.35,2.839797709945394e-10
10.0,60.0,0.5,0.667,1.8108455898583604e-09
10.0,60.0,1.0,0.35,3.3236953817827406e-10
10.0,60.0,1.0,0.667,2.1194112182904777e-09
10.0,60.0,1.5,0.35,3.644130570042963e-10
10.0,60.0,1.5,0.667,2.3237421977346496e-09
10.0,60.0,2.0,0.35,3.8900485595138883e-10
10.0,60.0,2.0,0.667,2.48055601061318e-09
10.0,60.0,2.5,0.35,4.0921693254583335e-10
10.0,60.0,2.5,0.667,2.6094417746756958e-09
10.0,60.0,3.0,0.35,4.2650854685343076e-10
10.0,60.0,3.0,0.667,2.7197047113658106e-09
10.0,60.0,3.5,0.35,4.416972137496914e-10
10.0,60.0,3.5,0.667,2.8165578441386037e-09
10.0,60.0,4.0,0.35,4.5529075493252397e-10
10.0,60.0,4.0,0.667,2.903239384923295e-09
10.0,70.0,0.0,0.35,0.0
10.0,70.0,0.0,0.667,0.0
10.0,70.0,0.5,0.35,5.2012709606635914e-12
10.0,70.0,0.5,0.667,3.3166794056458105e-11
10.0,70.0,1.0,0.35,6.087560466301903e-12
10.0,70.0,1.0,0.667,3.881837070574607e-11
10.0,70.0,1.5,0.35,6.6744579884865775e-12
10.0,70.0,1.5,0.667,4.2560823155879766e-11
10.0,70.0,2.0,0.35,7.1248724996541686e-12
10.0,70.0,2.0,0.667,4.543296833826221e-11
10.0,70.0,2.5,0.35,7.495069597416509e-12
10.0,70.0,2.5,0.667,4.7793593461360126e-11
10.0,70.0,3.0,0.35,7.811776562303915e-12
10.0,70.0,3.0,0.667,4.9813129601681934e-11
10.0,70.0,3.5,0.35,8.089966701629833e-12
10.0,70.0,3.5,0.667,5.158705661477932e-11
10.0,70.0,4.0,0.35,8.338941094274903e-12
10.0,70.0,4.0,0.667,5.317468442126016e-11
10.0,80.0,0.0,0.35,0.0
10.0,80.0,0.0,0.667,0.0
10.0,80.0,0.5,0.35,9.526460068583112e-14
10.0,80.0,0.5,0.667,6.074710230852049e-13
10.0,80.0,1.0,0.35,1.1149755922331604e-13
10.0,80.0,1.0,0.667,7.109832601541031e-13
10.0,80.0,1.5,0.35,1.2224696230523e-13
10.0,80.0,1.5,0.667,7.795286677946639e-13
10.0,80.0,2.0,0.35,1.3049659184270172e-13
10.0,80.0,2.0,0.667,8.321338417955371e-13
10.0,80.0,2.5,0.35,1.3727698820353342e-13
10.0,80.0,2.5,0.667,8.753701991054381e-13
10.0,80.0,3.0,0.35,1.4307767860643662e-13
10.0,80.0,3.0,0.667,9.123592937773712e-13
10.0,80.0,3.5,0.35,1.48172908741157e-13
10.0,80.0,3.5,0.667,9.448499003669135e-13
10.0,80.0,4.0,0.35,1.5273303380976213e-13
10.0,80.0,4.0,0.667,9.739283179625282e-13
10.0,90.0,0.0,0.35,0.0
10.0,90.0,0.0,0.667,0.0
10.0,90.0,0.5,0.35,1.7448320250437775e-15
10.0,90.0,0.5,0.667,1.1126219894215327e-14
10.0,90.0,1.0,0.35,2.042149031712595e-15
10.0,90.0,1.0,0.667,1.3022112648937175e-14
10.0,90.0,1.5,0.35,2.2390312168306746e-15
10.0,90.0,1.5,0.667,1.4277565582764664e-14
10.0,90.0,2.0,0.35,2.3901284524050704e-15
10.0,90.0,2.0,0.667,1.524106295344514e-14
10.0,90.0,2.5,0.35,2.5143157436727385e-15
10.0,90.0,2.5,0.667,1.6032964460798768e-14
10.0,90.0,3.0,0.35,2.6205590943978198e-15
10.0,90.0,3.0,0.667,1.6710443361632117e-14
10.0,90.0,3.5,0.35,2.713881489600496e-15
10.0,90.0,3.5,0.667,1.7305529579203002e-14
10.0,90.0,4.0,0.35,2.797403093644658e-15
10.0,90.0,4.0,0.667,1.7838119375340897e-14
20.0,0.0,0.0,0.35,0.0
20.0,0.0,0.0,0.667,0.0
20.0,0.0,0.5,0.35,6.880053100025793
20.0,0.0,0.5,0.667,147.06696327183718
20.0,0.0,1.0,0.35,8.052404801543233
20.0,0.0,1.0,0.667,172.12697401915167
20.0,0.0,1.5,0.35,8.828731616170279
20.0,0.0,1.5,0.667,188.72161732695847
20.0,0.0,2.0,0.35,9.424523640329664
20.0,0.0,2.0,0.667,201.45717655314715
20.0,0.0,2.5,0.35,9.9142069714506
20.0,0.0,2.5,0.667,211.92457257840798
20.0,0.0,3.0,0.35,10.333135489509457
20.0,0.0,3.0,0.667,220.87952453635964
20.0,0.0,3.5,0.35,10.701115343845233
20.0,0.0,3.5,0.667,228.7454056473895
20.0,0.0,4.0,0.35,11.030449665186996
20.0,0.0,4.0,0.667,235.78520575311
20.0,10.0,0.0,0.35,0.0
20.0,10.0,0.0,0.667,0.0
20.0,10.0,0.5,0.35,3.0298762325172643
20.0,10.0,0.5,0.667,64.76617115123113
20.0,10.0,1.0,0.35,3.5461630263743547
20.0,10.0,1.0,0.667,75.80223872891169
20.0,10.0,1.5,0.35,3.888046167406437
20.0,10.0,1.5,0.667,83.11028048592038
20.0,10.0,2.0,0.35,4.150424388515966
20.0,10.0,2.0,0.667,88.71883722905076
20.0,10.0,2.5,0.35,4.366073870409884
20.0,10.0,2.5,0.667,93.32852758640641
20.0,10.0,3.0,0.35,4.550563952322979
20.0,10.0,3.0,0.667,97.2721593732933
20.0,10.0,3.5,0.35,4.712616976985385
20.0,10.0,3.5,0.667,100.73618005447479
20.0,10.0,4.0,0.35,4.8576510658620915
20.0,10.0,4.0,0.667,103.83640656608631
20.0,20.0,0.0,0.35,0.0
20.0,20.0,0.0,0.667,0.0
20.0,20.0,0.5,0.35,0.08027228218535758
20.0,20.0,0.5,0.667,1.7158880322967667
20.0,20.0,1.0,0.35,0.09395057001780743
20.0,20.0,1.0,0.667,2.0082730219226432
20.0,20.0,1.5,0.35,0.10300827992582669
20.0,20.0,1.5,0.667,2.2018892442109026
20.0,20.0,2.0,0.35,0.10995961951460517
20.0,20.0,2.0,0.667,2.3504800165683313
20.0,20.0,2.5,0.35,0.11567294729939484
20.0,20.0,2.5,0.667,2.472607237865864
20.0,20.0,3.0,0.35,0.12056075088582183
20.0,20.0,3.0,0.667,2.5770881801019527
20.0,20.0,3.5,0.35,0.1248541163986051
20.0,20.0,3.5,0.667,2.6688625049510875
20.0,20.0,4.0,0.35,0.1286965892969567
20.0,20.0,4.0,0.667,2.750998618204746
20.0,30.0,0.0,0.35,0.0
20.0,30.0,0.0,0.667,0.0
20.0,30.0,0.5,0.35,0.00035095373808057543
20.0,30.0,0.5,0.667,0.007501933452841583
20.0,30.0,1.0,0.35,0.0004107557782699345
20.0,30.0,1.0,0.667,0.008780252721638567
20.0,30.0,1.5,0.35,0.00045035646064904686
20.0,30.0,1.5,0.667,0.009626750854184489
20.0,30.0,2.0,0.35,0.0004807480048649693
20.0,30.0,2.0,0.667,0.010276395857209351
20.0,30.0,2.5,0.35,0.0005057269102649866
20.0,30.0,2.5,0.667,0.010810341120367462
20.0,30.0,3.0,0.35,0.0005270965897229489
20.0,30.0,3.0,0.667,0.011267136121551873
20.0,30.0,3.5,0.35,0.0005458673613347266
20.0,30.0,3.5,0.667,0.011668377265926613
20.0,30.0,4.0,0.35,0.0005626668117855796
20.0,30.0,4.0,0.667,0.012027479750532928
20.0,40.0,0.0,0.35,0.0
20.0,40.0,0.0,0.667,0.0
20.0,40.0,0.5,0.35,6.4326529822016076e-06
20.0,40.0,0.5,0.667,0.00013750340674992332
20.0,40.0,1.0,0.35,7.52876831144623e-06
20.0,40.0,1.0,0.667,0.00016093380045823817
20.0,40.0,1.5,0.35,8.254611691820001e-06
20.0,40.0,1.5,0.667,0.0001764493175931474
20.0,40.0,2.0,0.35,8.811660203693612e-06
20.0,40.0,2.0,0.667,0.00018835670142366474
20.0,40.0,2.5,0.35,9.269500120693335e-06
20.0,40.0,2.5,0.667,0.00019814341749676117
20.0,40.0,3.0,0.35,9.661186310006393e-06
20.0,40.0,3.0,0.667,0.00020651604160013817
20.0,40.0,3.5,0.35,1.000523695510596e-05
20.0,40.0,3.5,0.667,0.00021387041559273423
20.0,40.0,4.0,0.35,1.0313155131538711e-05
20.0,40.0,4.0,0.667,0.00022045242745889212
20.0,50.0,0.0,0.35,0.0
20.0,50.0,0.0,0.667,0.0
20.0,50.0,0.5,0.35,1.1781973067887035e-07
20.0,50.0,0.5,0.667,2.5184965511940904e-06
20.0,50.0,1.0,0.35,1.378960527254519e-07
20.0,50.0,1.0,0.667,2.9476449420760027e-06
20.0,50.0,1.5,0.35,1.511905164291988e-07
20.0,50.0,1.5,0.667,3.2318253658041842e-06
20.0,50.0,2.0,0.35,1.6139335277457738e-07
20.0,50.0,2.0,0.667,3.4499196357552006e-06
20.0,50.0,2.5,0.35,1.6977909592972602e-07
20.0,50.0,2.5,0.667,3.6291719994616208e-06
20.0,50.0,3.0,0.35,1.7695317503257592e-07
20.0,50.0,3.0,0.667,3.782524017620337e-06
20.0,50.0,3.5,0.35,1.8325476699745896e-07
20.0,50.0,3.5,0.667,3.9172258841001284e-06
20.0,50.0,4.0,0.35,1.8889456083039456e-07
20.0,50.0,4.0,0.667,4.037781254884399e-06
20.0,60.0,0.0,0.35,0.0
20.0,60.0,0.0,0.667,0.0
20.0,60.0,0.5,0.35,2.157944171643737e-09
20.0,60.0,0.5,0.667,4.612788471539773e-08
20.0,60.0,1.0,0.35,2.5256549268698395e-09
20.0,60.0,1.0,0.667,5.3988013604997995e-08
20.0,60.0,1.5,0.35,2.7691515831542085e-09
20.0,60.0,1.5,0.667,5.919296090496204e-08
20.0,60.0,2.0,0.35,2.9560230952420654e-09
20.0,60.0,2.0,0.667,6.318749777920134e-08
20.0,60.0,2.5,0.35,3.1096133764478236e-09
20.0,60.0,2.5,0.667,6.647062015000306e-08
20.0,60.0,3.0,0.35,3.2410112509608945e-09
20.0,60.0,3.0,0.667,6.927936102802608e-08
20.0,60.0,3.5,0.35,3.3564289621909468e-09
20.0,60.0,3.5,0.667,7.174651237869311e-08
20.0,60.0,4.0,0.35,3.459725414838825e-09
20.0,60.0,4.0,0.667,7.39545615589559e-08
20.0,70.0,0.0,0.35,0.0
20.0,70.0,0.0,0.667,0.0
20.0,70.0,0.5,0.35,3.952412636785895e-11
20.0,70.0,0.5,0.667,8.448616829529369e-10
20.0,70.0,1.0,0.35,4.625898380641213e-11
20.0,70.0,1.0,0.667,9.888249659620528e-10
20.0,70.0,1.5,0.35,5.071878065361406e-11
20.0,70.0,1.5,0.667,1.0841569015723816e-09
20.0,70.0,2.0,0.35,5.414145180301982e-11
20.0,70.0,2.0,0.667,1.1573193968181444e-09
20.0,70.0,2.5,0.35,5.695455594307149e-11
20.0,70.0,2.5,0.667,1.21745188086006e-09
20.0,70.0,3.0,0.35,5.93611919742376e-11
20.0,70.0,3.0,0.667,1.2688957647456162e-09
20.0,70.0,3.5,0.35,6.147514110401089e-11
20.0,70.0,3.5,0.667,1.3140832181717726e-09
20.0,70.0,4.0,0.35,6.336708163771638e-11
20.0,70.0,4.0,0.667,1.354525049788148e-09
20.0,80.0,0.0,0.35,0.0
20.0,80.0,0.0,0.667,0.0
20.0,80.0,0.5,0.35,7.239096260061082e-13
20.0,80.0,0.5,0.667,1.5474181497170502e-11
20.0,80.0,1.0,0.35,8.472628428279275e-13
20.0,80.0,1.0,0.667,1.811096100221959e-11
20.0,80.0,1.5,0.35,9.289468714051304e-13
20.0,80.0,1.5,0.667,1.9857026309566443e-11
20.0,80.0,2.0,0.35,9.916352802177056e-13
20.0,80.0,2.0,0.667,2.119704415279709e-11
20.0,80.0,2.5,0.35,1.0431590798075447e-12
20.0,80.0,2.5,0.667,2.2298409016082226e-11
20.0,80.0,3.0,0.35,1.087238156294635e-12
20.0,80.0,3.0,0.667,2.3240636616441754e-11
20.0,80.0,3.5,0.35,1.12595648518791e-12
20.0,80.0,3.5,0.667,2.4068273695764993e-11
20.0,80.0,4.0,0.35,1.1606085848050767e-12
20.0,80.0,4.0,0.667,2.4808991679710606e-11
20.0,90.0,0.0,0.35,0.0
20.0,90.0,0.0,0.667,0.0
20.0,90.0,0.5,0.35,1.3258867298026523e-14
20.0,90.0,0.5,0.667,2.834195204013351e-13
20.0,90.0,1.0,0.35,1.5518160273102108e-14
20.0,90.0,1.0,0.667,3.317138216451024e-13
20.0,90.0,1.5,0.35,1.701425544350146e-14
20.0,90.0,1.5,0.667,3.6369412329066236e-13
20.0,90.0,2.0,0.35,1.8162433701823662e-14
20.0,90.0,2.0,0.667,3.882374062117723e-13
20.0,90.0,2.5,0.35,1.9106125009288093e-14
20.0,90.0,2.5,0.667,4.0840960733247347e-13
20.0,90.0,3.0,0.35,1.991346145677575e-14
20.0,90.0,3.0,0.667,4.256671078116832e-13
20.0,90.0,3.5,0.35,2.062261238716129e-14
20.0,90.0,3.5,0.667,4.408258096875172e-13
20.0,90.0,4.0,0.35,2.1257287730486718e-14
20.0,90.0,4.0,0.667,4.543925327998768e-13
30.0,0.0,0.0,0.35,0.0
30.0,0.0,0.0,0.667,0.0
30.0,0.0,0.5,0.35,39.71733475091321
30.0,0.0,0.5,0.667,1637.4120511969263
30.0,0.0,1.0,0.35,46.485114635460334
30.0,0.0,1.0,0.667,1916.424840255004
30.0,0.0,1.5,0.35,50.96671260053084
30.0,0.0,1.5,0.667,2101.186042451668
30.0,0.0,2.0,0.35,54.406115018133356
30.0,0.0,2.0,0.667,2242.9810295226143
30.0,0.0,2.5,0.35,57.23297063993075
30.0,0.0,2.5,0.667,2359.5227736037277
30.0,0.0,3.0,0.35,59.65137118808716
30.0,0.0,3.0,0.667,2459.225289570802
30.0,0.0,3.5,0.35,61.77565407424564
30.0,0.0,3.5,0.667,2546.802324126659
30.0,0.0,4.0,0.35,63.676843105133564
30.0,0.0,4.0,0.667,2625.1819498065456
30.0,10.0,0.0,0.35,0.0
30.0,10.0,0.0,0.667,0.0
30.0,10.0,0.5,0.35,17.490941833032185
30.0,10.0,0.5,0.667,721.0926695813303
30.0,10.0,1.0,0.35,20.47137455949194
30.0,10.0,1.0,0.667,843.9658808552745
30.0,10.0,1.5,0.35,22.44500571620699
30.0,10.0,1.5,0.667,925.3320515938244
30.0,10.0,2.0,0.35,23.959668973546847
30.0,10.0,2.0,0.667,987.7765204039188
30.0,10.0,2.5,0.35,25.204575449807855
30.0,10.0,2.5,0.667,1039.0998249415177
30.0,10.0,3.0,0.35,26.269604198138065
30.0,10.0,3.0,0.667,1083.0073760983073
30.0,10.0,3.5,0.35,27.205107766837354
30.0,10.0,3.5,0.667,1121.5750399894682
30.0,10.0,4.0,0.35,28.042364016820116
30.0,10.0,4.0,0.667,1156.092297561244
30.0,20.0,0.0,0.35,0.0
30.0,20.0,0.0,0.667,0.0
30.0,20.0,0.5,0.35,0.4633977465615288
30.0,20.0,0.5,0.667,19.10432962020192
30.0,20.0,1.0,0.35,0.5423600930379996
30.0,20.0,1.0,0.667,22.359681433767097
30.0,20.0,1.5,0.35,0.5946486569870358
30.0,20.0,1.5,0.667,24.515362958896734
30.0,20.0,2.0,0.35,0.634777516081707
30.0,20.0,2.0,0.667,26.16974077388562
30.0,20.0,2.5,0.35,0.66775955108509
30.0,20.0,2.5,0.667,27.5294790827684
30.0,20.0,3.0,0.35,0.6959759802923161
30.0,20.0,3.0,0.667,28.69274750234922
30.0,20.0,3.5,0.35,0.7207608231997931
30.0,20.0,3.5,0.667,29.71454316709463
30.0,20.0,4.0,0.35,0.7429427424606446
30.0,20.0,4.0,0.667,30.629029049497916
30.0,30.0,0.0,0.35,0.0
30.0,30.0,0.0,0.667,0.0
30.0,30.0,0.5,0.35,0.002025994115856209
30.0,30.0,0.5,0.667,0.0835249193270891
30.0,30.0,1.0,0.35,0.0023712207608336195
30.0,30.0,1.0,0.667,0.09775745210969979
30.0,30.0,1.5,0.35,0.002599828525272225
30.0,30.0,1.5,0.667,0.10718218090473439
30.0,30.0,2.0,0.35,0.002775273557116012
30.0,30.0,2.0,0.667,0.11441518914320992
30.0,30.0,2.5,0.35,0.002919472378412924
30.0,30.0,2.5,0.667,0.12036002127358157
30.0,30.0,3.0,0.35,0.0030428357740454994
30.0,30.0,3.0,0.667,0.12544587892118486
30.0,30.0,3.5,0.35,0.0031511961324321397
30.0,30.0,3.5,0.667,0.1299132118327978
30.0,30.0,4.0,0.35,0.003248176400968934
30.0,30.0,4.0,0.667,0.13391138193727115
30.0,40.0,0.0,0.35,0.0
30.0,40.0,0.0,0.667,0.0
30.0,40.0,0.5,0.35,3.7134572672063166e-05
30.0,40.0,0.5,0.667,0.0015309334624445366
30.0,40.0,1.0,0.35,4.346225340712216e-05
30.0,40.0,1.0,0.667,0.0017918024446330755
30.0,40.0,1.5,0.35,4.765241939798222e-05
30.0,40.0,1.5,0.667,0.0019645488872878664
30.0,40.0,2.0,0.35,5.086816234312015e-05
30.0,40.0,2.0,0.667,0.002097123146989401
30.0,40.0,2.5,0.35,5.3511191543830855e-05
30.0,40.0,2.5,0.667,0.0022060863463594085
30.0,40.0,3.0,0.35,5.57723269263758e-05
30.0,40.0,3.0,0.667,0.0022993053487921364
30.0,40.0,3.5,0.35,5.775847070230624e-05
30.0,40.0,3.5,0.667,0.0023811873727122715
30.0,40.0,4.0,0.35,5.9536028100696724e-05
30.0,40.0,4.0,0.667,0.0024544700822413117
30.0,50.0,0.0,0.35,0.0
30.0,50.0,0.0,0.667,0.0
30.0,50.0,0.5,0.35,6.801525534181687e-07
30.0,50.0,0.5,0.667,2.8040400862841482e-05
30.0,50.0,1.0,0.35,7.960496245160981e-07
30.0,50.0,1.0,0.667,3.2818447076272585e-05
30.0,50.0,1.5,0.35,8.727962219011677e-07
30.0,50.0,1.5,0.667,3.598245101145059e-05
30.0,50.0,2.0,0.35,9.316953990799988e-07
30.0,50.0,2.0,0.667,3.841066587337516e-05
30.0,50.0,2.5,0.35,9.801048173193682e-07
30.0,50.0,2.5,0.667,4.040642327536834e-05
30.0,50.0,3.0,0.35,1.0215195123972817e-06
30.0,50.0,3.0,0.667,4.211381178072776e-05
30.0,50.0,3.5,0.35,1.0578974929003662e-06
30.0,50.0,3.5,0.667,4.3613553494201824e-05
30.0,50.0,4.0,0.35,1.0904550293513565e-06
30.0,50.0,4.0,0.667,4.4955791156332686e-05
30.0,60.0,0.0,0.35,0.0
30.0,60.0,0.0,0.667,0.0
30.0,60.0,0.5,0.35,1.2457431620496515e-08
30.0,60.0,0.5,0.667,5.135779827696934e-07
30.0,60.0,1.0,0.35,1.4580161044891721e-08
30.0,60.0,1.0,0.667,6.010909733249095e-07
30.0,60.0,1.5,0.35,1.5985824354138283e-08
30.0,60.0,1.5,0.667,6.59041741092194e-07
30.0,60.0,2.0,0.35,1.706460067942201e-08
30.0,60.0,2.0,0.667,7.035160585821131e-07
30.0,60.0,2.5,0.35,1.7951250320703578e-08
30.0,60.0,2.5,0.667,7.400696394537623e-07
30.0,60.0,3.0,0.35,1.8709787106934864e-08
30.0,60.0,3.0,0.667,7.713415584493524e-07
30.0,60.0,3.5,0.35,1.9376073225146805e-08
30.0,60.0,3.5,0.667,7.988102928532985e-07
30.0,60.0,4.0,0.35,1.9972385452501887e-08
30.0,60.0,4.0,0.667,8.233942392200633e-07
30.0,70.0,0.0,0.35,0.0
30.0,70.0,0.0,0.667,0.0
30.0,70.0,0.5,0.35,2.2816582006958108e-10
30.0,70.0,0.5,0.667,9.406508915973308e-09
30.0,70.0,1.0,0.35,2.670449658403734e-10
30.0,70.0,1.0,0.667,1.1009365256273775e-08
30.0,70.0,1.5,0.35,2.9279058752761326e-10
30.0,70.0,1.5,0.667,1.2070770596803937e-08
30.0,70.0,2.0,0.35,3.125490652322014e-10
30.0,70.0,2.0,0.667,1.2885346139440377e-08
30.0,70.0,2.5,0.35,3.2878861995586967e-10
30.0,70.0,2.5,0.667,1.3554848329790527e-08
30.0,70.0,3.0,0.35,3.426817058788657e-10
30.0,70.0,3.0,0.667,1.4127613508050755e-08
30.0,70.0,3.5,0.35,3.5488516187156624e-10
30.0,70.0,3.5,0.667,1.4630720930389558e-08
30.0,70.0,4.0,0.35,3.6580700134192154e-10
30.0,70.0,4.0,0.667,1.5080991616530872e-08
30.0,80.0,0.0,0.35,0.0
30.0,80.0,0.0,0.667,0.0
30.0,80.0,0.5,0.35,4.179002767491022e-12
30.0,80.0,0.5,0.667,1.722862205228354e-10
30.0,80.0,1.0,0.35,4.8910991617900435e-12
30.0,80.0,1.0,0.667,2.016435584447181e-10
30.0,80.0,1.5,0.35,5.362646671618385e-12
30.0,80.0,1.5,0.667,2.210838753780459e-10
30.0,80.0,2.0,0.35,5.724535814276574e-12
30.0,80.0,2.0,0.667,2.360033468658002e-10
30.0,80.0,2.5,0.35,6.021973634333652e-12
30.0,80.0,2.5,0.667,2.482657072204814e-10
30.0,80.0,3.0,0.35,6.27643437917039e-12
30.0,80.0,3.0,0.667,2.587562673944025e-10
30.0,80.0,3.5,0.35,6.4999484723456876e-12
30.0,80.0,3.5,0.667,2.679710012649619e-10
30.0,80.0,4.0,0.35,6.699988940101938e-12
30.0,80.0,4.0,0.667,2.76217996555189e-10
30.0,90.0,0.0,0.35,0.0
30.0,90.0,0.0,0.667,0.0
30.0,90.0,0.5,0.35,7.654110560450196e-14
30.0,90.0,0.5,0.667,3.155532200605844e-12
30.0,90.0,1.0,0.35,8.958360601647221e-14
30.0,90.0,1.0,0.667,3.693230600718402e-12
30.0,90.0,1.5,0.35,9.822029992538299e-14
30.0,90.0,1.5,0.667,4.049292425552316e-12
30.0,90.0,2.0,0.35,1.04848530780074e-13
30.0,90.0,2.0,0.667,4.322552077733202e-12
30.0,90.0,2.5,0.35,1.1029629448409996e-13
30.0,90.0,2.5,0.667,4.547145041913413e-12
30.0,90.0,3.0,0.35,1.1495690559789504e-13
30.0,90.0,3.0,0.667,4.739286353799779e-12
30.0,90.0,3.5,0.35,1.1905070901504286e-13
30.0,90.0,3.5,0.667,4.908060091828987e-12
30.0,90.0,4.0,0.35,1.2271457798560536e-13
30.0,90.0,4.0,0.667,5.0591090794821065e-12
40.0,0.0,0.0,0.35,0.0
40.0,0.0,0.0,0.667,0.0
40.0,0.0,0.5,0.35,196.2603021602649
40.0,0.0,0.5,0.667,3974.1149613376547
40.0,0.0,1.0,0.35,229.70279102376657
40.0,0.0,1.0,0.667,4651.298751813434
40.0,0.0,1.5,0.35,251.84827929234538
40.0,0.0,1.5,0.667,5099.727268867378
40.0,0.0,2.0,0.35,268.84383455713805
40.0,0.0,2.0,0.667,5443.873740214898
40.0,0.0,2.5,0.35,282.81253467200776
40.0,0.0,2.5,0.667,5726.72880313848
40.0,0.0,3.0,0.35,294.7628839414742
40.0,0.0,3.0,0.667,5968.7138673733
40.0,0.0,3.5,0.35,305.2598723150899
40.0,0.0,3.5,0.667,6181.269529855204
40.0,0.0,4.0,0.35,314.6544587344938
40.0,0.0,4.0,0.667,6371.502429906712
40.0,10.0,0.0,0.35,0.0
40.0,10.0,0.0,0.667,0.0
40.0,10.0,0.5,0.35,86.43020864182195
40.0,10.0,0.5,0.667,1750.142955525021
40.0,10.0,1.0,0.35,101.15779877675376
40.0,10.0,1.0,0.667,2048.3649375328077
40.0,10.0,1.5,0.35,110.91035265779942
40.0,10.0,1.5,0.667,2245.8463938604655
40.0,10.0,2.0,0.35,118.39495026287254
40.0,10.0,2.0,0.667,2397.403540132582
40.0,10.0,2.5,0.35,124.54656448181603
40.0,10.0,2.5,0.667,2521.96883344349
40.0,10.0,3.0,0.35,129.80932607615614
40.0,10.0,3.0,0.667,2628.5355683348957
40.0,10.0,3.5,0.35,134.4320484772535
40.0,10.0,3.5,0.667,2722.142018819772
40.0,10.0,4.0,0.35,138.56928894511768
40.0,10.0,4.0,0.667,2805.917846437546
40.0,20.0,0.0,0.35,0.0
40.0,20.0,0.0,0.667,0.0
40.0,20.0,0.5,0.35,2.2898460415564617
40.0,20.0,0.5,0.667,46.36756039169983
40.0,20.0,1.0,0.35,2.68003269622365
40.0,20.0,1.0,0.667,54.268529690936475
40.0,20.0,1.5,0.35,2.938412807188378
40.0,20.0,1.5,0.667,59.50052135402126
40.0,20.0,2.0,0.35,3.136706626767642
40.0,20.0,2.0,0.667,63.5158134250955
40.0,20.0,2.5,0.35,3.299684938283763
40.0,20.0,2.5,0.667,66.8159945571966
40.0,20.0,3.0,0.35,3.4391143576248133
40.0,20.0,3.0,0.667,69.63932935977633
40.0,20.0,3.5,0.35,3.5615868444752627
40.0,20.0,3.5,0.667,72.11929977145515
40.0,20.0,4.0,0.35,3.6711971746731926
40.0,20.0,4.0,0.667,74.3388217448853
40.0,30.0,0.0,0.35,0.0
40.0,30.0,0.0,0.667,0.0
40.0,30.0,0.5,0.35,0.01001130161040617
40.0,30.0,0.5,0.667,0.20272089197075563
40.0,30.0,1.0,0.35,0.011717213804211755
40.0,30.0,1.0,0.667,0.23726425656108946
40.0,30.0,1.5,0.35,0.012846862336931384
40.0,30.0,1.5,0.667,0.2601387405271246
40.0,30.0,2.0,0.35,0.01371381111831675
40.0,30.0,2.0,0.667,0.27769376354957764
40.0,30.0,2.5,0.35,0.014426359037666632
40.0,30.0,2.5,0.667,0.2921222919671382
40.0,30.0,3.0,0.35,0.015035950226355566
40.0,30.0,3.0,0.667,0.30446602850785753
40.0,30.0,3.5,0.35,0.01557140500479252
40.0,30.0,3.5,0.667,0.31530856172870403
40.0,30.0,4.0,0.35,0.016050625902317053
40.0,30.0,4.0,0.667,0.3250124036043917
40.0,40.0,0.0,0.35,0.0
40.0,40.0,0.0,0.667,0.0
40.0,40.0,0.5,0.35,0.0001834977724189779
40.0,40.0,0.5,0.667,0.003715683888771854
40.0,40.0,1.0,0.35,0.0002147655435527852
40.0,40.0,1.0,0.667,0.004348831375567598
40.0,40.0,1.5,0.35,0.0002354709420551093
40.0,40.0,1.5,0.667,0.004768099220683573
40.0,40.0,2.0,0.35,0.00025136130040973167
40.0,40.0,2.0,0.667,0.0050898663339663894
40.0,40.0,2.5,0.35,0.00026442163572183263
40.0,40.0,2.5,0.667,0.0053543277323877736
40.0,40.0,3.0,0.35,0.00027559487068804173
40.0,40.0,3.0,0.667,0.005580576850304104
40.0,40.0,3.5,0.35,0.00028540925476095276
40.0,40.0,3.5,0.667,0.00577931031882093
40.0,40.0,4.0,0.35,0.0002941929245188363
40.0,40.0,4.0,0.667,0.005957172642561514
40.0,50.0,0.0,0.35,0.0
40.0,50.0,0.0,0.667,0.0
40.0,50.0,0.5,0.35,3.360924052081725e-06
40.0,50.0,0.5,0.667,6.805603788580007e-05
40.0,50.0,1.0,0.35,3.933620944655725e-06
40.0,50.0,1.0,0.667,7.965269428568362e-05
40.0,50.0,1.5,0.35,4.312858637391884e-06
40.0,50.0,1.5,0.667,8.733195581752016e-05
40.0,50.0,2.0,0.35,4.603904609701053e-06
40.0,50.0,2.0,0.667,9.322540518175494e-05
40.0,50.0,2.5,0.35,4.8431162061147035e-06
40.0,50.0,2.5,0.667,9.80692496768921e-05
40.0,50.0,3.0,0.35,5.047763890075411e-06
40.0,50.0,3.0,0.667,0.00010221320244614452
40.0,50.0,3.5,0.35,5.227523017677785e-06
40.0,50.0,3.5,0.667,0.0001058531817520881
40.0,50.0,4.0,0.35,5.388403700672716e-06
40.0,50.0,4.0,0.667,0.0001091108875756442
40.0,60.0,0.0,0.35,0.0
40.0,60.0,0.0,0.667,0.0
40.0,60.0,0.5,0.35,6.155748640518409e-08
40.0,60.0,0.5,0.667,1.2464901205818625e-06
40.0,60.0,1.0,0.35,7.204679846121798e-08
40.0,60.0,1.0,0.667,1.4588903437405094e-06
40.0,60.0,1.5,0.35,7.899278080213993e-08
40.0,60.0,1.5,0.667,1.5995409594707533e-06
40.0,60.0,2.0,0.35,8.43234750416031e-08
40.0,60.0,2.0,0.667,1.7074832763742897e-06
40.0,60.0,2.5,0.35,8.870478933672232e-08
40.0,60.0,2.5,0.667,1.7962014047930336e-06
40.0,60.0,3.0,0.35,9.245304333712463e-08
40.0,60.0,3.0,0.667,1.872100565947532e-06
40.0,60.0,3.5,0.35,9.574544741472853e-08
40.0,60.0,3.5,0.667,1.9387691288690857e-06
40.0,60.0,4.0,0.35,9.869208063310879e-08
40.0,60.0,4.0,0.667,1.9984361070090506e-06
40.0,70.0,0.0,0.35,0.0
40.0,70.0,0.0,0.667,0.0
40.0,70.0,0.5,0.35,1.1274646969726743e-09
40.0,70.0,0.5,0.667,2.283026302976055e-08
40.0,70.0,1.0,0.35,1.3195831496473782e-09
40.0,70.0,1.0,0.667,2.67205088345393e-08
40.0,70.0,1.5,0.35,1.4468032545041221e-09
40.0,70.0,1.5,0.667,2.929661473333319e-08
40.0,70.0,2.0,0.35,1.5444383256600518e-09
40.0,70.0,2.0,0.667,3.1273647239454576e-08
40.0,70.0,2.5,0.35,1.6246848965088678e-09
40.0,70.0,2.5,0.667,3.289857644977396e-08
40.0,70.0,3.0,0.35,1.6933365635526397e-09
40.0,70.0,3.0,0.667,3.428871808369762e-08
40.0,70.0,3.5,0.35,1.7536390479853806e-09
40.0,70.0,3.5,0.667,3.550979541289836e-08
40.0,70.0,4.0,0.35,1.8076085181938155e-09
40.0,70.0,4.0,0.667,3.660263424301319e-08
40.0,80.0,0.0,0.35,0.0
40.0,80.0,0.0,0.667,0.0
40.0,80.0,0.5,0.35,2.0650236251250807e-11
40.0,80.0,0.5,0.667,4.181508534224009e-10
40.0,80.0,1.0,0.35,2.4169008454593273e-11
40.0,80.0,1.0,0.667,4.894031907770183e-10
40.0,80.0,1.5,0.35,2.6499125954728478e-11
40.0,80.0,1.5,0.667,5.365862161623569e-10
40.0,80.0,2.0,0.35,2.8287374661043845e-11
40.0,80.0,2.0,0.667,5.727968296187518e-10
40.0,80.0,2.5,0.35,2.975714187489121e-11
40.0,80.0,2.5,0.667,6.025584462571723e-10
40.0,80.0,3.0,0.35,3.101454101767825e-11
40.0,80.0,3.0,0.667,6.280197784304131e-10
40.0,80.0,3.5,0.35,3.2119019546732946e-11
40.0,80.0,3.5,0.667,6.503845898491185e-10
40.0,80.0,4.0,0.35,3.310750487416846e-11
40.0,80.0,4.0,0.667,6.704006312267393e-10
40.0,90.0,0.0,0.35,0.0
40.0,90.0,0.0,0.667,0.0
40.0,90.0,0.5,0.35,3.7822227014552905e-13
40.0,90.0,0.5,0.667,7.658700032312282e-12
40.0,90.0,1.0,0.35,4.426708311537625e-13
40.0,90.0,1.0,0.667,8.963732113279693e-12
40.0,90.0,1.5,0.35,4.853484218546234e-13
40.0,90.0,1.5,0.667,9.827919367916836e-12
40.0,90.0,2.0,0.35,5.181013394027912e-13
40.0,90.0,2.0,0.667,1.0491139887924707e-11
40.0,90.0,2.5,0.35,5.450210649421611e-13
40.0,90.0,2.5,0.667,1.1036242911019783e-11
40.0,90.0,3.0,0.35,5.680511335804873e-13
40.0,90.0,3.0,0.667,1.1502583476731675e-11
40.0,90.0,3.5,0.35,5.882803634790439e-13
40.0,90.0,3.5,0.667,1.1912209286491942e-11
40.0,90.0,4.0,0.35,6.063851037831924e-13
40.0,90.0,4.0,0.667,1.227881587234696e-11
50.0,0.0,0.0,0.35,0.0
50.0,0.0,0.0,0.667,0.0
50.0,0.0,0.5,0.35,777.841856163157
50.0,0.0,0.5,0.667,5182.848041634168
50.0,0.0,1.0,0.35,910.3850517354326
50.0,0.0,1.0,0.667,6065.998306897869
50.0,0.0,1.5,0.35,998.1546491061957
50.0,0.0,1.5,0.667,6650.817036108375
50.0,0.0,2.0,0.35,1065.5134277699244
50.0,0.0,2.0,0.667,7099.636177580427
50.0,0.0,2.5,0.35,1120.875818971504
50.0,0.0,2.5,0.667,7468.52203599212
50.0,0.0,3.0,0.35,1168.2388452954372
50.0,0.0,3.0,0.667,7784.107223757301
50.0,0.0,3.5,0.35,1209.8417411983944
50.0,0.0,3.5,0.667,8061.3120126851445
50.0,0.0,4.0,0.35,1247.0754683348534
50.0,0.0,4.0,0.667,8309.404537203984
50.0,10.0,0.0,0.35,0.0
50.0,10.0,0.0,0.667,0.0
50.0,10.0,0.5,0.35,342.55034349037595
50.0,10.0,0.5,0.667,2282.4515842816877
50.0,10.0,1.0,0.35,400.92045665779017
50.0,10.0,1.0,0.667,2671.378233474813
50.0,10.0,1.5,0.35,439.57292243749305
50.0,10.0,1.5,0.667,2928.9239736318505
50.0,10.0,2.0,0.35,469.2367578116498
50.0,10.0,2.0,0.667,3126.577455323711
50.0,10.0,2.5,0.35,493.61755703489416
50.0,10.0,2.5,0.667,3289.02947112416
50.0,10.0,3.0,0.35,514.4755512498572
50.0,10.0,3.0,0.667,3428.0086397210753
50.0,10.0,3.5,0.35,532.7968670402521
50.0,10.0,3.5,0.667,3550.0856337938812
50.0,10.0,4.0,0.35,549.1940638726962
50.0,10.0,4.0,0.667,3659.3420061759516
50.0,20.0,0.0,0.35,0.0
50.0,20.0,0.0,0.667,0.0
50.0,20.0,0.5,0.35,9.075386492769534
50.0,20.0,0.5,0.667,60.47032406193579
50.0,20.0,1.0,0.35,10.621820021994306
50.0,20.0,1.0,0.667,70.77438513161786
50.0,20.0,1.5,0.35,11.64586239274501
50.0,20.0,1.5,0.667,77.59769497762646
50.0,20.0,2.0,0.35,12.431763723729736
50.0,20.0,2.0,0.667,82.83424420924497
50.0,20.0,2.5,0.35,13.077698489694361
50.0,20.0,2.5,0.667,87.13818042748436
50.0,20.0,3.0,0.35,13.630301523268772
50.0,20.0,3.0,0.667,90.82023678337364
50.0,20.0,3.5,0.35,14.115698852489633
50.0,20.0,3.5,0.667,94.05449394918895
50.0,20.0,4.0,0.35,14.550119373386373
50.0,20.0,4.0,0.667,96.94908689007472
50.0,30.0,0.0,0.35,0.0
50.0,30.0,0.0,0.667,0.0
50.0,30.0,0.5,0.35,0.03967796513881117
50.0,30.0,0.5,0.667,0.26437875808084693
50.0,30.0,1.0,0.35,0.046439036494940744
50.0,30.0,1.0,0.667,0.30942853929256253
50.0,30.0,1.5,0.35,0.050916192098141085
50.0,30.0,1.5,0.667,0.3392603321772991
50.0,30.0,2.0,0.35,0.05435218522506754
50.0,30.0,2.0,0.667,0.3621547420214819
50.0,30.0,2.5,0.35,0.05717623874017785
50.0,30.0,2.5,0.667,0.3809717291947583
50.0,30.0,3.0,0.35,0.05959224206072358
50.0,30.0,3.0,0.667,0.39706983188652895
50.0,30.0,3.5,0.35,0.061714419261952584
50.0,30.0,3.5,0.667,0.4112101379966227
50.0,30.0,4.0,0.35,0.06361372374859434
50.0,30.0,4.0,0.667,0.42386541806552314
50.0,40.0,0.0,0.35,0.0
50.0,40.0,0.0,0.667,0.0
50.0,40.0,0.5,0.35,0.0007272599009025681
50.0,40.0,0.5,0.667,0.004845814767213175
50.0,40.0,1.0,0.35,0.0008511840000153107
50.0,40.0,1.0,0.667,0.005671535020383808
50.0,40.0,1.5,0.35,0.0009332460646629741
50.0,40.0,1.5,0.667,0.006218323815151861
50.0,40.0,2.0,0.35,0.0009962245972628269
50.0,40.0,2.0,0.667,0.006637956882932767
50.0,40.0,2.5,0.35,0.0010479868505023136
50.0,40.0,2.5,0.667,0.00698285461594519
50.0,40.0,3.0,0.35,0.0010922699262430522
50.0,40.0,3.0,0.667,0.007277917745502827
50.0,40.0,3.5,0.35,0.0011311674446935092
50.0,40.0,3.5,0.667,0.0075370962992512835
50.0,40.0,4.0,0.35,0.0011659799152399831
50.0,40.0,4.0,0.667,0.0077690557179514175
50.0,50.0,0.0,0.35,0.0
50.0,50.0,0.0,0.667,0.0
50.0,50.0,0.5,0.35,1.332040853050279e-05
50.0,50.0,0.5,0.667,8.875538481128273e-05
50.0,50.0,1.0,0.35,1.5590188047987007e-05
50.0,50.0,1.0,0.667,0.00010387918180667978
50.0,50.0,1.5,0.35,1.7093227366677356e-05
50.0,50.0,1.5,0.667,0.00011389410235595327
50.0,50.0,2.0,0.35,1.824673491169738e-05
50.0,50.0,2.0,0.667,0.00012158005326402993
50.0,50.0,2.5,0.35,1.919480637659405e-05
50.0,50.0,2.5,0.667,0.0001278971603935006
50.0,50.0,3.0,0.35,2.000589008837546e-05
50.0,50.0,3.0,0.667,0.00013330150266937558
50.0,50.0,3.5,0.35,2.0718332553496707e-05
50.0,50.0,3.5,0.667,0.00013804858719031473
50.0,50.0,4.0,0.35,2.1355953751997587e-05
50.0,50.0,4.0,0.667,0.00014229712917062897
50.0,60.0,0.0,0.35,0.0
50.0,60.0,0.0,0.667,0.0
50.0,60.0,0.5,0.35,2.439718524790946e-07
50.0,60.0,0.5,0.667,1.6256119773141979e-06
50.0,60.0,1.0,0.35,2.8554432469957146e-07
50.0,60.0,1.0,0.667,1.9026140498133592e-06
50.0,60.0,1.5,0.35,3.130734568647063e-07
50.0,60.0,1.5,0.667,2.086043763192051e-06
50.0,60.0,2.0,0.35,3.342006897091576e-07
50.0,60.0,2.0,0.667,2.226816899152023e-06
50.0,60.0,2.5,0.35,3.5156522857024e-07
50.0,60.0,2.5,0.667,2.3425187806038286e-06
50.0,60.0,3.0,0.35,3.6642074859620593e-07
50.0,60.0,3.0,0.667,2.441502786496517e-06
50.0,60.0,3.5,0.35,3.7946959072461185e-07
50.0,60.0,3.5,0.667,2.528448693733241e-06
50.0,60.0,4.0,0.35,3.9114803321546905e-07
50.0,60.0,4.0,0.667,2.6062634735801874e-06
50.0,70.0,0.0,0.35,0.0
50.0,70.0,0.0,0.667,0.0
50.0,70.0,0.5,0.35,4.468500369145017e-09
50.0,70.0,0.5,0.667,2.977412208376576e-08
50.0,70.0,1.0,0.35,5.229926761476033e-09
50.0,70.0,1.0,0.667,3.4847592037938034e-08
50.0,70.0,1.5,0.35,5.7341404074034356e-09
50.0,70.0,1.5,0.667,3.820722444477514e-08
50.0,70.0,2.0,0.35,6.121099176643148e-09
50.0,70.0,2.0,0.667,4.078557437986341e-08
50.0,70.0,2.5,0.35,6.439141801324325e-09
50.0,70.0,2.5,0.667,4.2904728268824705e-08
50.0,70.0,3.0,0.35,6.711230142849533e-09
50.0,70.0,3.0,0.667,4.4717683584679565e-08
50.0,70.0,3.5,0.35,6.950228024265765e-09
50.0,70.0,3.5,0.667,4.631015343165193e-08
50.0,70.0,4.0,0.35,7.164126160674373e-09
50.0,70.0,4.0,0.667,4.7735380845952986e-08
50.0,80.0,0.0,0.35,0.0
50.0,80.0,0.0,0.667,0.0
50.0,80.0,0.5,0.35,8.184343914218582e-11
50.0,80.0,0.5,0.667,5.453320683603173e-10
50.0,80.0,1.0,0.35,9.578944998562259e-11
50.0,80.0,1.0,0.667,6.382559119614438e-10
50.0,80.0,1.5,0.35,1.0502444504796266e-10
50.0,80.0,1.5,0.667,6.997897259290363e-10
50.0,80.0,2.0,0.35,1.1211184213077082e-10
50.0,80.0,2.0,0.667,7.470138522727991e-10
50.0,80.0,2.5,0.35,1.179369959961369e-10
50.0,80.0,2.5,0.667,7.858275096558722e-10
50.0,80.0,3.0,0.35,1.2292046780575823e-10
50.0,80.0,3.0,0.667,8.190329445452195e-10
50.0,80.0,3.5,0.35,1.2729786669731148e-10
50.0,80.0,3.5,0.667,8.482000472059688e-10
50.0,80.0,4.0,0.35,1.312155477230679e-10
50.0,80.0,4.0,0.667,8.743039978627843e-10
50.0,90.0,0.0,0.35,0.0
50.0,90.0,0.0,0.667,0.0
50.0,90.0,0.5,0.35,1.4990148767426323e-12
50.0,90.0,0.5,0.667,9.988105238549165e-12
50.0,90.0,1.0,0.35,1.7544449752897771e-12
50.0,90.0,1.0,0.667,1.1690064802103179e-11
50.0,90.0,1.5,0.35,1.9235898099910968e-12
50.0,90.0,1.5,0.667,1.2817095918181853e-11
50.0,90.0,2.0,0.35,2.0534000156210754e-12
50.0,90.0,2.0,0.667,1.3682035963131478e-11
50.0,90.0,2.5,0.35,2.160091430290596e-12
50.0,90.0,2.5,0.667,1.4392932895711971e-11
50.0,90.0,3.0,0.35,2.2513669003679445e-12
50.0,90.0,3.0,0.667,1.5001111650289552e-11
50.0,90.0,3.5,0.35,2.3315417577377e-12
50.0,90.0,3.5,0.667,1.553532577005528e-11
50.0,90.0,4.0,0.35,2.4032965886868084e-12
50.0,90.0,4.0,0.667,1.601343630385557e-11
60.0,0.0,0.0,0.35,0.0
60.0,0.0,0.0,0.667,0.0
60.0,0.0,0.5,0.35,2044.7829557107304
60.0,0.0,0.5,0.667,6147.734579196309
60.0,0.0,1.0,0.35,2393.211193474235
60.0,0.0,1.0,0.667,7195.300199637721
60.0,0.0,1.5,0.35,2623.9390404155097
60.0,0.0,1.5,0.667,7888.994148456537
60.0,0.0,2.0,0.35,2801.0111296040263
60.0,0.0,2.0,0.667,8421.369578657836
60.0,0.0,2.5,0.35,2946.5472344297286
60.0,0.0,2.5,0.667,8858.930612536618
60.0,0.0,3.0,0.35,3071.0546882144517
60.0,0.0,3.0,0.667,9233.26803395452
60.0,0.0,3.5,0.35,3180.419968285894
60.0,0.0,3.5,0.667,9562.079809395496
60.0,0.0,4.0,0.35,3278.29962084376
60.0,0.0,4.0,0.667,9856.359514216569
60.0,10.0,0.0,0.35,0.0
60.0,10.0,0.0,0.667,0.0
60.0,10.0,0.5,0.35,900.492945053159
60.0,10.0,0.5,0.667,2707.3737098426736
60.0,10.0,1.0,0.35,1053.9357195476696
60.0,10.0,1.0,0.667,3168.7065119638855
60.0,10.0,1.5,0.35,1155.5449381777744
60.0,10.0,1.5,0.667,3474.1993297677627
60.0,10.0,2.0,0.35,1233.524934360137
60.0,10.0,2.0,0.667,3708.649796834219
60.0,10.0,2.5,0.35,1297.6169375138454
60.0,10.0,2.5,0.667,3901.3453701896096
60.0,10.0,3.0,0.35,1352.4482258061057
60.0,10.0,3.0,0.667,4066.1981757721205
60.0,10.0,3.5,0.35,1400.611119018342
60.0,10.0,3.5,0.667,4211.002142964857
60.0,10.0,4.0,0.35,1443.7159074001374
60.0,10.0,4.0,0.667,4340.598683919784
60.0,20.0,0.0,0.35,0.0
60.0,20.0,0.0,0.667,0.0
60.0,20.0,0.5,0.35,23.857285989261605
60.0,20.0,0.5,0.667,71.72803432869965
60.0,20.0,1.0,0.35,27.922535111102555
60.0,20.0,1.0,0.667,83.95039393395282
60.0,20.0,1.5,0.35,30.614527537384923
60.0,20.0,1.5,0.667,92.04399373620586
60.0,20.0,2.0,0.35,32.680497160560954
60.0,20.0,2.0,0.667,98.25542701155506
60.0,20.0,2.5,0.35,34.37852406600486
60.0,20.0,2.5,0.667,103.36062347939959
60.0,20.0,3.0,0.35,35.831201439141736
60.0,20.0,3.0,0.667,107.728165224751
60.0,20.0,3.5,0.35,37.107209123318256
60.0,20.0,3.5,0.667,111.56454137480826
60.0,20.0,4.0,0.35,38.24920947943475
60.0,20.0,4.0,0.667,114.99801829182977
60.0,30.0,0.0,0.35,0.0
60.0,30.0,0.0,0.667,0.0
60.0,30.0,0.5,0.35,0.104305041172929
60.0,30.0,0.5,0.667,0.3135979330287536
60.0,30.0,1.0,0.35,0.1220784784877473
60.0,30.0,1.0,0.667,0.36703459478609274
60.0,30.0,1.5,0.35,0.1338479807264756
60.0,30.0,1.5,0.667,0.4024201479035427
60.0,30.0,2.0,0.35,0.14288048537534437
60.0,30.0,2.0,0.667,0.42957679111181946
60.0,30.0,2.5,0.35,0.1503043292427812
60.0,30.0,2.5,0.667,0.45189692123953396
60.0,30.0,3.0,0.35,0.1566554948063841
60.0,30.0,3.0,0.667,0.47099199440830986
60.0,30.0,3.5,0.35,0.16223425318212364
60.0,30.0,3.5,0.667,0.48776478962343534
60.0,30.0,4.0,0.35,0.16722712597653308
60.0,30.0,4.0,0.667,0.5027760927262873
60.0,40.0,0.0,0.35,0.0
60.0,40.0,0.0,0.667,0.0
60.0,40.0,0.5,0.35,0.0019118136134673627
60.0,40.0,0.5,0.667,0.00574795609855145
60.0,40.0,1.0,0.35,0.0022375840559548284
60.0,40.0,1.0,0.667,0.006727400009000203
60.0,40.0,1.5,0.35,0.0024533079974892597
60.0,40.0,1.5,0.667,0.0073759840219038
60.0,40.0,2.0,0.35,0.0026188653392747335
60.0,40.0,2.0,0.667,0.00787373983118998
60.0,40.0,2.5,0.35,0.0027549374371371093
60.0,40.0,2.5,0.667,0.008282846890184195
60.0,40.0,3.0,0.35,0.002871348347380175
60.0,40.0,3.0,0.667,0.00863284167877449
60.0,40.0,3.5,0.35,0.0029736017580403694
60.0,40.0,3.5,0.667,0.00894027128972698
60.0,40.0,4.0,0.35,0.0030651164352920395
60.0,40.0,4.0,0.667,0.009215414401749122
60.0,50.0,0.0,0.35,0.0
60.0,50.0,0.0,0.667,0.0
60.0,50.0,0.5,0.35,3.5016557813729586e-05
60.0,50.0,0.5,0.667,0.00010527890146710813
60.0,50.0,1.0,0.35,4.098333169430555e-05
60.0,50.0,1.0,0.667,0.00012321828325304057
60.0,50.0,1.5,0.35,4.493450654594073e-05
60.0,50.0,1.5,0.667,0.0001350976732861042
60.0,50.0,2.0,0.35,4.796683573811771e-05
60.0,50.0,2.0,0.667,0.0001442145113241899
60.0,50.0,2.5,0.35,5.045911660068135e-05
60.0,50.0,2.5,0.667,0.0001517076690684191
60.0,50.0,3.0,0.35,5.2591285416700086e-05
60.0,50.0,3.0,0.667,0.00015811813328043436
60.0,50.0,3.5,0.35,5.446414710196648e-05
60.0,50.0,3.5,0.667,0.00016374897860433918
60.0,50.0,4.0,0.35,5.614031938372778e-05
60.0,50.0,4.0,0.667,0.00016878846813475374
60.0,60.0,0.0,0.35,0.0
60.0,60.0,0.0,0.667,0.0
60.0,60.0,0.5,0.35,6.413507857280753e-07
60.0,60.0,0.5,0.667,1.9282508159623944e-06
60.0,60.0,1.0,0.35,7.506360883248004e-07
60.0,60.0,1.0,0.667,2.2568221354246562e-06
60.0,60.0,1.5,0.35,8.230043978863886e-07
60.0,60.0,1.5,0.667,2.4744008069835257e-06
60.0,60.0,2.0,0.35,8.785434580171465e-07
60.0,60.0,2.0,0.667,2.6413815613508e-06
60.0,60.0,2.5,0.35,9.241911855283159e-07
60.0,60.0,2.5,0.667,2.7786235664733467e-06
60.0,60.0,3.0,0.35,9.632432292138419e-07
60.0,60.0,3.0,0.667,2.896035342957147e-06
60.0,60.0,3.5,0.35,9.975458959635317e-07
60.0,60.0,3.5,0.667,2.999167897904728e-06
60.0,60.0,4.0,0.35,1.0282460697396568e-06
60.0,60.0,4.0,0.667,3.091469391021008e-06
60.0,70.0,0.0,0.35,0.0
60.0,70.0,0.0,0.667,0.0
60.0,70.0,0.5,0.35,1.1746749445298906e-08
60.0,70.0,0.5,0.667,3.531714579111316e-08
60.0,70.0,1.0,0.35,1.3748379592520235e-08
60.0,70.0,1.0,0.667,4.133513945467888e-08
60.0,70.0,1.5,0.35,1.507385142340723e-08
60.0,70.0,1.5,0.667,4.5320231850787165e-08
60.0,70.0,2.0,0.35,1.6091084797562655e-08
60.0,70.0,2.0,0.667,4.837859106291888e-08
60.0,70.0,2.5,0.35,1.692715209451352e-08
60.0,70.0,2.5,0.667,5.0892266080428745e-08
60.0,70.0,3.0,0.35,1.7642415227745633e-08
60.0,70.0,3.0,0.667,5.304273778947473e-08
60.0,70.0,3.5,0.35,1.8270690487682765e-08
60.0,70.0,3.5,0.667,5.493167643207337e-08
60.0,70.0,4.0,0.35,1.8832983786919762e-08
60.0,70.0,4.0,0.667,5.6622237256495005e-08
60.0,80.0,0.0,0.35,0.0
60.0,80.0,0.0,0.667,0.0
60.0,80.0,0.5,0.35,2.1514922097427844e-10
60.0,80.0,0.5,0.667,6.468560889441586e-10
60.0,80.0,1.0,0.35,2.5181035594261187e-10
60.0,80.0,1.0,0.667,7.570794877298098e-10
60.0,80.0,1.5,0.35,2.7608721935632977e-10
60.0,80.0,1.5,0.667,8.300690010011894e-10
60.0,80.0,2.0,0.35,2.947184985044658e-10
60.0,80.0,2.0,0.667,8.860848039272477e-10
60.0,80.0,2.5,0.35,3.1003160520336094e-10
60.0,80.0,2.5,0.667,9.321243678353882e-10
60.0,80.0,3.0,0.35,3.231321064631454e-10
60.0,80.0,3.0,0.667,9.71511631101962e-10
60.0,80.0,3.5,0.35,3.346393692478286e-10
60.0,80.0,3.5,0.667,1.0061087491656278e-09
60.0,80.0,4.0,0.35,3.449381302670578e-10
60.0,80.0,4.0,0.667,1.0370724507477293e-09
60.0,90.0,0.0,0.35,0.0
60.0,90.0,0.0,0.667,0.0
60.0,90.0,0.5,0.35,3.940595438563311e-12
60.0,90.0,0.5,0.667,1.1847582538098025e-11
60.0,90.0,1.0,0.35,4.612067547895466e-12
60.0,90.0,1.0,0.667,1.3866394507348005e-11
60.0,90.0,1.5,0.35,5.0567138115329176e-12
60.0,90.0,1.5,0.667,1.5203244075093086e-11
60.0,90.0,2.0,0.35,5.397957592445896e-12
60.0,90.0,2.0,0.667,1.6229209293550816e-11
60.0,90.0,2.5,0.35,5.678426925007939e-12
60.0,90.0,2.5,0.667,1.707245332068839e-11
60.0,90.0,3.0,0.35,5.91837097534392e-12
60.0,90.0,3.0,0.667,1.7793856211495552e-11
60.0,90.0,3.5,0.35,6.129133845106266e-12
60.0,90.0,3.5,0.667,1.8427524532541515e-11
60.0,90.0,4.0,0.35,6.317762232936125e-12
60.0,90.0,4.0,0.667,1.899464450937867e-11
70.0,0.0,0.0,0.35,0.0
70.0,0.0,0.0,0.667,0.0
70.0,0.0,0.5,0.35,3373.3783218250987
70.0,0.0,0.5,0.667,7077.910342873964
70.0,0.0,1.0,0.35,3948.197405043927
70.0,0.0,1.0,0.667,8283.976649778637
70.0,0.0,1.5,0.35,4328.840404311563
70.0,0.0,1.5,0.667,9082.629147195928
70.0,0.0,2.0,0.35,4620.9648791369145
70.0,0.0,2.0,0.667,9695.555016908142
70.0,0.0,2.5,0.35,4861.062900147287
70.0,0.0,2.5,0.667,10199.320709364913
70.0,0.0,3.0,0.35,5066.468928366568
70.0,0.0,3.0,0.667,10630.296814895628
70.0,0.0,3.5,0.35,5246.894172974057
70.0,0.0,3.5,0.667,11008.85907002745
70.0,0.0,4.0,0.35,5408.371016843637
70.0,0.0,4.0,0.667,11347.664420131434
70.0,10.0,0.0,0.35,0.0
70.0,10.0,0.0,0.667,0.0
70.0,10.0,0.5,0.35,1485.5871970738892
70.0,10.0,0.5,0.667,3117.0097108235313
70.0,10.0,1.0,0.35,1738.729237247324
70.0,10.0,1.0,0.667,3648.143931010966
70.0,10.0,1.5,0.35,1906.3589284412442
70.0,10.0,1.5,0.667,3999.8589809945383
70.0,10.0,2.0,0.35,2035.0063371664173
70.0,10.0,2.0,0.667,4269.782700759005
70.0,10.0,2.5,0.35,2140.742045417133
70.0,10.0,2.5,0.667,4491.633851635535
70.0,10.0,3.0,0.35,2231.1999000105866
70.0,10.0,3.0,0.667,4681.429517445946
70.0,10.0,3.5,0.35,2310.6565775150516
70.0,10.0,3.5,0.667,4848.142878909354
70.0,10.0,4.0,0.35,2381.7686524117566
70.0,10.0,4.0,0.667,4997.347872360046
70.0,20.0,0.0,0.35,0.0
70.0,20.0,0.0,0.667,0.0
70.0,20.0,0.5,0.35,39.358530033219814
70.0,20.0,0.5,0.667,82.58076036124048
70.0,20.0,1.0,0.35,46.06517008131731
70.0,20.0,1.0,0.667,96.65240973873452
70.0,20.0,1.5,0.35,50.5062814804398
70.0,20.0,1.5,0.667,105.97060215798794
70.0,20.0,2.0,0.35,53.91461248246971
70.0,20.0,2.0,0.667,113.12184905346032
70.0,20.0,2.5,0.35,56.71593041046916
70.0,20.0,2.5,0.667,118.99948127988027
70.0,20.0,3.0,0.35,59.11248323063999
70.0,20.0,3.0,0.667,124.02784880195334
70.0,20.0,3.5,0.35,61.217575435297555
70.0,20.0,3.5,0.667,128.4446833418718
70.0,20.0,4.0,0.35,63.10158920511152
70.0,20.0,4.0,0.667,132.3976584532636
70.0,30.0,0.0,0.35,0.0
70.0,30.0,0.0,0.667,0.0
70.0,30.0,0.5,0.35,0.17207712132338895
70.0,30.0,0.5,0.667,0.36104650015295253
70.0,30.0,1.0,0.35,0.20139882902575257
70.0,30.0,1.0,0.667,0.422568333288171
70.0,30.0,1.5,0.35,0.2208155517639358
70.0,30.0,1.5,0.667,0.4633078559809442
70.0,30.0,2.0,0.35,0.235716915886314
70.0,30.0,2.0,0.667,0.4945734032106571
70.0,30.0,2.5,0.35,0.24796439374066703
70.0,30.0,2.5,0.667,0.5202706544257372
70.0,30.0,3.0,0.35,0.2584422218009724
70.0,30.0,3.0,0.667,0.5422548852246021
70.0,30.0,3.5,0.35,0.26764577199433687
70.0,30.0,3.5,0.667,0.5615654685301622
70.0,30.0,4.0,0.35,0.2758827581259221
70.0,30.0,4.0,0.667,0.5788480392272177
70.0,40.0,0.0,0.35,0.0
70.0,40.0,0.0,0.667,0.0
70.0,40.0,0.5,0.35,0.0031540123028848603
70.0,40.0,0.5,0.667,0.0066176438485152245
70.0,40.0,1.0,0.35,0.0036914517144905823
70.0,40.0,1.0,0.667,0.007745281370064896
70.0,40.0,1.5,0.35,0.004047342038125431
70.0,40.0,1.5,0.667,0.008491998625667886
70.0,40.0,2.0,0.35,0.004320470071708823
70.0,40.0,2.0,0.667,0.009065066793362405
70.0,40.0,2.5,0.35,0.004544954858151429
70.0,40.0,2.5,0.667,0.009536073315666829
70.0,40.0,3.0,0.35,0.0047370036230050035
70.0,40.0,3.0,0.667,0.009939023654885778
70.0,40.0,3.5,0.35,0.004905696069257265
70.0,40.0,3.5,0.667,0.010292968542231714
70.0,40.0,4.0,0.35,0.005056672302459631
70.0,40.0,4.0,0.667,0.010609741859827777
70.0,50.0,0.0,0.35,0.0
70.0,50.0,0.0,0.667,0.0
70.0,50.0,0.5,0.35,5.776852584958722e-05
70.0,50.0,0.5,0.667,0.00012120800206665189
70.0,50.0,1.0,0.35,6.76122041743466e-05
70.0,50.0,1.0,0.667,0.00014186168095465867
70.0,50.0,1.5,0.35,7.413065032679595e-05
70.0,50.0,1.5,0.667,0.00015553846815145512
70.0,50.0,2.0,0.35,7.913323191275785e-05
70.0,50.0,2.0,0.667,0.00016603471866663422
70.0,50.0,2.5,0.35,8.324486939007118e-05
70.0,50.0,2.5,0.667,0.00017466161984713366
70.0,50.0,3.0,0.35,8.676241243410985e-05
70.0,50.0,3.0,0.667,0.00018204201182150183
70.0,50.0,3.5,0.35,8.985216383838953e-05
70.0,50.0,3.5,0.667,0.00018852482558708887
70.0,50.0,4.0,0.35,9.261742712618547e-05
70.0,50.0,4.0,0.667,0.00019432680916504444
70.0,60.0,0.0,0.35,0.0
70.0,60.0,0.0,0.667,0.0
70.0,60.0,0.5,0.35,1.058067718736722e-06
70.0,60.0,0.5,0.667,2.2200025420973178e-06
70.0,60.0,1.0,0.35,1.2383610205975776e-06
70.0,60.0,1.0,0.667,2.598287959340837e-06
70.0,60.0,1.5,0.35,1.3577505557951342e-06
70.0,60.0,1.5,0.667,2.8487871163842468e-06
70.0,60.0,2.0,0.35,1.4493760561624914e-06
70.0,60.0,2.0,0.667,3.0410326977723006e-06
70.0,60.0,2.5,0.35,1.5246833419537284e-06
70.0,60.0,2.5,0.667,3.1990399433714785e-06
70.0,60.0,3.0,0.35,1.5891094059639945e-06
70.0,60.0,3.0,0.667,3.3342165708664367e-06
70.0,60.0,3.5,0.35,1.6457001908543994e-06
70.0,60.0,3.5,0.667,3.452953475973021e-06
70.0,60.0,4.0,0.35,1.6963477671183791e-06
70.0,60.0,4.0,0.667,3.559220538152508e-06
70.0,70.0,0.0,0.35,0.0
70.0,70.0,0.0,0.667,0.0
70.0,70.0,0.5,0.35,1.937918634347623e-08
70.0,70.0,0.5,0.667,4.066076507622849e-08
70.0,70.0,1.0,0.35,2.2681373369287498e-08
70.0,70.0,1.0,0.667,4.7589304206535274e-08
70.0,70.0,1.5,0.35,2.4868068992906814e-08
70.0,70.0,1.5,0.667,5.2177356329535434e-08
70.0,70.0,2.0,0.35,2.654624857819203e-08
70.0,70.0,2.0,0.667,5.5698456992049885e-08
70.0,70.0,2.5,0.35,2.792554963664625e-08
70.0,70.0,2.5,0.667,5.859246065728013e-08
70.0,70.0,3.0,0.35,2.910555416539451e-08
70.0,70.0,3.0,0.667,6.106830696382387e-08
70.0,70.0,3.5,0.35,3.0142050550544717e-08
70.0,70.0,3.5,0.667,6.324304925031519e-08
70.0,70.0,4.0,0.35,3.106969327216272e-08
70.0,70.0,4.0,0.667,6.518939839572607e-08
70.0,80.0,0.0,0.35,0.0
70.0,80.0,0.0,0.667,0.0
70.0,80.0,0.5,0.35,3.549421790538746e-10
70.0,80.0,0.5,0.667,7.44727890137279e-10
70.0,80.0,1.0,0.35,4.154238441666854e-10
70.0,80.0,1.0,0.667,8.71628510884909e-10
70.0,80.0,1.5,0.35,4.554745715717755e-10
70.0,80.0,1.5,0.667,9.556616167794012e-10
70.0,80.0,2.0,0.35,4.862115028488403e-10
70.0,80.0,2.0,0.667,1.0201528250102174e-09
70.0,80.0,2.5,0.35,5.114742829564203e-10
70.0,80.0,2.5,0.667,1.0731583510896197e-09
70.0,80.0,3.0,0.35,5.33086819793827e-10
70.0,80.0,3.0,0.667,1.1185050579880211e-09
70.0,80.0,3.5,0.35,5.520709132952822e-10
70.0,80.0,3.5,0.667,1.1583368523867418e-09
70.0,80.0,4.0,0.35,5.690612824036015e-10
70.0,80.0,4.0,0.667,1.1939854804884237e-09
70.0,90.0,0.0,0.35,0.0
70.0,90.0,0.0,0.667,0.0
70.0,90.0,0.5,0.35,6.500992777941017e-12
70.0,90.0,0.5,0.667,1.364016710614391e-11
70.0,90.0,1.0,0.35,7.608753115538285e-12
70.0,90.0,1.0,0.667,1.596443305051722e-11
70.0,90.0,1.5,0.35,8.342307775922153e-12
70.0,90.0,1.5,0.667,1.7503553072781823e-11
70.0,90.0,2.0,0.35,8.905274309741561e-12
70.0,90.0,2.0,0.667,1.8684750754237402e-11
70.0,90.0,2.5,0.35,9.367978267518193e-12
70.0,90.0,2.5,0.667,1.9655580829016583e-11
70.0,90.0,3.0,0.35,9.763825687702196e-12
70.0,90.0,3.0,0.667,2.048613473736223e-11
70.0,90.0,3.5,0.35,1.0111531488905341e-11
70.0,90.0,3.5,0.667,2.12156794998606e-11
70.0,90.0,4.0,0.35,1.0422720954080093e-11
70.0,90.0,4.0,0.667,2.1868606899050776e-11
